episode_id,execution_status,route_label,predicted_route,route_confidence,predicted_route_explanation,route_explanation,safety_gate,predicted_safety_gate
smoke_0000,natural_failure,recover_strong,recover_strong,0.7666724575514678,State is close to historical failure neighborhoods with high action-outcome residual.,State is close to historical failure neighborhoods with high action-outcome residual.,automatic,automatic
smoke_0001,learned_recovery_failure,human_review,human_review,0.8563407108131954,Retrieval confidence is low and start risk is high; visual or goal state needs review.,Retrieval confidence is low and start risk is high; visual or goal state needs review.,manual_or_anchor,manual_or_anchor
smoke_0002,anchored_recovery_success,demo_anchor,recover_strong,0.5282233504218374,State is close to historical failure neighborhoods with high action-outcome residual.,Retrieval evidence is uncertain enough to prefer a demonstration-anchored recovery.,manual_or_anchor,automatic
smoke_0003,natural_failure,recover_strong,demo_anchor,0.6165613859290093,Retrieval evidence is uncertain enough to prefer a demonstration-anchored recovery.,State is close to historical failure neighborhoods with high action-outcome residual.,automatic,manual_or_anchor
smoke_0004,anchored_recovery_success,demo_anchor,demo_anchor,0.8260976888264521,Retrieval evidence is uncertain enough to prefer a demonstration-anchored recovery.,Retrieval evidence is uncertain enough to prefer a demonstration-anchored recovery.,manual_or_anchor,manual_or_anchor
smoke_0005,learned_recovery_success,recover_light,recover_light,0.6023703318702106,State is near the success manifold but progress has mildly stalled.,State is near the success manifold but progress has mildly stalled.,automatic,automatic
smoke_0006,anchored_recovery_success,demo_anchor,demo_anchor,0.8591591148538805,Retrieval evidence is uncertain enough to prefer a demonstration-anchored recovery.,Retrieval evidence is uncertain enough to prefer a demonstration-anchored recovery.,manual_or_anchor,manual_or_anchor
smoke_0007,learned_recovery_failure,human_review,human_review,0.6230328086976801,"Automatic recovery is not trusted under the current residual, risk, and failure-neighbor pattern (0.84, 0.66, 0.66).","Automatic recovery is not trusted under the current residual, risk, and failure-neighbor pattern (0.84, 0.66, 0.66).",manual_or_anchor,manual_or_anchor
smoke_0008,human_review_needed,human_review,human_review,0.9664170518628666,Retrieval confidence is low and start risk is high; visual or goal state needs review.,Retrieval confidence is low and start risk is high; visual or goal state needs review.,manual_or_anchor,manual_or_anchor
smoke_0009,clean_success,continue,continue,0.988044952377788,State remains close to the success manifold with strong progress and low residual.,State remains close to the success manifold with strong progress and low residual.,automatic,automatic
smoke_0010,anchored_recovery_success,demo_anchor,demo_anchor,0.9491223058707502,Retrieval evidence is uncertain enough to prefer a demonstration-anchored recovery.,Retrieval evidence is uncertain enough to prefer a demonstration-anchored recovery.,manual_or_anchor,manual_or_anchor
smoke_0011,learned_recovery_success,recover_light,recover_light,0.8983250157222813,State is near the success manifold but progress has mildly stalled.,State is near the success manifold but progress has mildly stalled.,automatic,automatic
smoke_0012,human_review_needed,human_review,human_review,0.9847214992633062,Retrieval confidence is low and start risk is high; visual or goal state needs review.,Retrieval confidence is low and start risk is high; visual or goal state needs review.,manual_or_anchor,manual_or_anchor
smoke_0013,clean_success,continue,continue,0.9993203883495145,State remains close to the success manifold with strong progress and low residual.,State remains close to the success manifold with strong progress and low residual.,automatic,automatic
smoke_0014,anchored_recovery_success,demo_anchor,demo_anchor,0.9099702633823228,Retrieval evidence is uncertain enough to prefer a demonstration-anchored recovery.,Retrieval evidence is uncertain enough to prefer a demonstration-anchored recovery.,manual_or_anchor,manual_or_anchor
smoke_0015,clean_success,continue,continue,0.6380416714309276,State remains close to the success manifold with strong progress and low residual.,State remains close to the success manifold with strong progress and low residual.,automatic,automatic
smoke_0016,learned_recovery_failure,human_review,human_review,0.6244432732963329,"Automatic recovery is not trusted under the current residual, risk, and failure-neighbor pattern (0.87, 0.62, 0.70).","Automatic recovery is not trusted under the current residual, risk, and failure-neighbor pattern (0.87, 0.62, 0.70).",manual_or_anchor,manual_or_anchor
smoke_0017,natural_failure,recover_strong,recover_strong,0.4717665503124149,State is close to historical failure neighborhoods with high action-outcome residual.,State is close to historical failure neighborhoods with high action-outcome residual.,automatic,automatic
smoke_0018,natural_failure,recover_strong,recover_strong,0.819257371690729,State is close to historical failure neighborhoods with high action-outcome residual.,State is close to historical failure neighborhoods with high action-outcome residual.,automatic,automatic
smoke_0019,clean_success,continue,continue,0.9469881231787182,State remains close to the success manifold with strong progress and low residual.,State remains close to the success manifold with strong progress and low residual.,automatic,automatic
smoke_0020,anchored_recovery_success,demo_anchor,demo_anchor,0.6326370340485913,Retrieval evidence is uncertain enough to prefer a demonstration-anchored recovery.,Retrieval evidence is uncertain enough to prefer a demonstration-anchored recovery.,manual_or_anchor,manual_or_anchor
smoke_0021,natural_failure,recover_strong,recover_strong,0.7714031589426076,State is close to historical failure neighborhoods with high action-outcome residual.,State is close to historical failure neighborhoods with high action-outcome residual.,automatic,automatic
smoke_0022,learned_recovery_failure,human_review,human_review,0.6949106377374243,"Automatic recovery is not trusted under the current residual, risk, and failure-neighbor pattern (0.79, 0.63, 0.73).","Automatic recovery is not trusted under the current residual, risk, and failure-neighbor pattern (0.79, 0.63, 0.73).",manual_or_anchor,manual_or_anchor
smoke_0023,human_review_needed,human_review,human_review,0.9240063252238716,Retrieval confidence is low and start risk is high; visual or goal state needs review.,Retrieval confidence is low and start risk is high; visual or goal state needs review.,manual_or_anchor,manual_or_anchor
smoke_0024,learned_recovery_failure,human_review,human_review,0.6375630712784734,Retrieval confidence is low and start risk is high; visual or goal state needs review.,Retrieval confidence is low and start risk is high; visual or goal state needs review.,manual_or_anchor,manual_or_anchor
smoke_0025,anchored_recovery_success,demo_anchor,demo_anchor,0.6578550660373332,Retrieval evidence is uncertain enough to prefer a demonstration-anchored recovery.,Retrieval evidence is uncertain enough to prefer a demonstration-anchored recovery.,manual_or_anchor,manual_or_anchor
smoke_0026,learned_recovery_failure,human_review,human_review,0.7904098186331795,Retrieval confidence is low and start risk is high; visual or goal state needs review.,Retrieval confidence is low and start risk is high; visual or goal state needs review.,manual_or_anchor,manual_or_anchor
smoke_0027,anchored_recovery_success,demo_anchor,demo_anchor,0.8232349491388684,Retrieval evidence is uncertain enough to prefer a demonstration-anchored recovery.,Retrieval evidence is uncertain enough to prefer a demonstration-anchored recovery.,manual_or_anchor,manual_or_anchor
smoke_0028,natural_failure,recover_strong,recover_strong,0.7428199798507426,State is close to historical failure neighborhoods with high action-outcome residual.,State is close to historical failure neighborhoods with high action-outcome residual.,automatic,automatic
smoke_0029,natural_failure,recover_strong,recover_strong,0.6159301692048097,State is close to historical failure neighborhoods with high action-outcome residual.,State is close to historical failure neighborhoods with high action-outcome residual.,automatic,automatic
smoke_0030,natural_failure,recover_strong,recover_strong,0.7439716851058112,State is close to historical failure neighborhoods with high action-outcome residual.,State is close to historical failure neighborhoods with high action-outcome residual.,automatic,automatic
smoke_0031,clean_success,continue,continue,0.6124107131795843,State remains close to the success manifold with strong progress and low residual.,State remains close to the success manifold with strong progress and low residual.,automatic,automatic
smoke_0032,learned_recovery_failure,human_review,human_review,0.6692834039501512,"Automatic recovery is not trusted under the current residual, risk, and failure-neighbor pattern (0.78, 0.73, 0.73).","Automatic recovery is not trusted under the current residual, risk, and failure-neighbor pattern (0.78, 0.73, 0.73).",manual_or_anchor,manual_or_anchor
smoke_0033,learned_recovery_failure,human_review,human_review,0.6956601216873282,Retrieval confidence is low and start risk is high; visual or goal state needs review.,Retrieval confidence is low and start risk is high; visual or goal state needs review.,manual_or_anchor,manual_or_anchor
smoke_0034,anchored_recovery_success,demo_anchor,demo_anchor,0.8397462745503568,Retrieval evidence is uncertain enough to prefer a demonstration-anchored recovery.,Retrieval evidence is uncertain enough to prefer a demonstration-anchored recovery.,manual_or_anchor,manual_or_anchor
smoke_0035,natural_failure,recover_strong,recover_strong,0.5744233705821461,State is close to historical failure neighborhoods with high action-outcome residual.,State is close to historical failure neighborhoods with high action-outcome residual.,automatic,automatic
smoke_0036,learned_recovery_failure,demo_anchor,human_review,0.46945263632742307,"Automatic recovery is not trusted under the current residual, risk, and failure-neighbor pattern (0.73, 0.74, 0.70).",Retrieval evidence is uncertain enough to prefer a demonstration-anchored recovery.,manual_or_anchor,manual_or_anchor
smoke_0037,learned_recovery_success,recover_light,recover_light,0.9074729029906299,State is near the success manifold but progress has mildly stalled.,State is near the success manifold but progress has mildly stalled.,automatic,automatic
smoke_0038,human_review_needed,human_review,human_review,0.9097302388130895,Retrieval confidence is low and start risk is high; visual or goal state needs review.,Retrieval confidence is low and start risk is high; visual or goal state needs review.,manual_or_anchor,manual_or_anchor
smoke_0039,clean_success,continue,continue,0.9835433776579918,State remains close to the success manifold with strong progress and low residual.,State remains close to the success manifold with strong progress and low residual.,automatic,automatic
smoke_0040,anchored_recovery_success,demo_anchor,demo_anchor,0.6404458701736122,Retrieval evidence is uncertain enough to prefer a demonstration-anchored recovery.,Retrieval evidence is uncertain enough to prefer a demonstration-anchored recovery.,manual_or_anchor,manual_or_anchor
smoke_0041,clean_success,continue,continue,1.0,State remains close to the success manifold with strong progress and low residual.,State remains close to the success manifold with strong progress and low residual.,automatic,automatic
smoke_0042,human_review_needed,human_review,human_review,0.8855503845365843,Retrieval confidence is low and start risk is high; visual or goal state needs review.,Retrieval confidence is low and start risk is high; visual or goal state needs review.,manual_or_anchor,manual_or_anchor
smoke_0043,clean_success,continue,continue,0.9859691062195998,State remains close to the success manifold with strong progress and low residual.,State remains close to the success manifold with strong progress and low residual.,automatic,automatic
smoke_0044,human_review_needed,human_review,human_review,0.9809656972997384,Retrieval confidence is low and start risk is high; visual or goal state needs review.,Retrieval confidence is low and start risk is high; visual or goal state needs review.,manual_or_anchor,manual_or_anchor
smoke_0045,anchored_recovery_success,demo_anchor,demo_anchor,0.907893726970204,Retrieval evidence is uncertain enough to prefer a demonstration-anchored recovery.,Retrieval evidence is uncertain enough to prefer a demonstration-anchored recovery.,manual_or_anchor,manual_or_anchor
smoke_0046,learned_recovery_failure,human_review,human_review,0.6981366254706367,"Automatic recovery is not trusted under the current residual, risk, and failure-neighbor pattern (0.75, 0.66, 0.87).","Automatic recovery is not trusted under the current residual, risk, and failure-neighbor pattern (0.75, 0.66, 0.87).",manual_or_anchor,manual_or_anchor
smoke_0047,learned_recovery_success,recover_light,recover_light,0.8810207676005684,State is near the success manifold but progress has mildly stalled.,State is near the success manifold but progress has mildly stalled.,automatic,automatic
smoke_0048,human_review_needed,human_review,human_review,0.5644727716742135,"Automatic recovery is not trusted under the current residual, risk, and failure-neighbor pattern (0.61, 0.70, 0.80).","Automatic recovery is not trusted under the current residual, risk, and failure-neighbor pattern (0.61, 0.70, 0.80).",manual_or_anchor,manual_or_anchor
smoke_0049,anchored_recovery_success,demo_anchor,demo_anchor,0.8361431278136608,Retrieval evidence is uncertain enough to prefer a demonstration-anchored recovery.,Retrieval evidence is uncertain enough to prefer a demonstration-anchored recovery.,manual_or_anchor,manual_or_anchor
smoke_0050,natural_failure,recover_strong,recover_strong,0.5182466690205776,State is close to historical failure neighborhoods with high action-outcome residual.,State is close to historical failure neighborhoods with high action-outcome residual.,automatic,automatic
smoke_0051,natural_failure,recover_strong,recover_strong,0.7480230881060549,State is close to historical failure neighborhoods with high action-outcome residual.,State is close to historical failure neighborhoods with high action-outcome residual.,automatic,automatic
smoke_0052,human_review_needed,human_review,human_review,0.9628714804133348,Retrieval confidence is low and start risk is high; visual or goal state needs review.,Retrieval confidence is low and start risk is high; visual or goal state needs review.,manual_or_anchor,manual_or_anchor
smoke_0053,natural_failure,human_review,recover_strong,0.6684859923984985,State is close to historical failure neighborhoods with high action-outcome residual.,"Automatic recovery is not trusted under the current residual, risk, and failure-neighbor pattern (0.69, 0.53, 0.71).",manual_or_anchor,automatic
smoke_0054,human_review_needed,human_review,human_review,0.9795227515759454,Retrieval confidence is low and start risk is high; visual or goal state needs review.,Retrieval confidence is low and start risk is high; visual or goal state needs review.,manual_or_anchor,manual_or_anchor
smoke_0055,learned_recovery_success,recover_light,recover_light,0.5187272725043611,State is near the success manifold but progress has mildly stalled.,State is near the success manifold but progress has mildly stalled.,automatic,automatic
smoke_0056,human_review_needed,human_review,human_review,0.9424743535203542,Retrieval confidence is low and start risk is high; visual or goal state needs review.,Retrieval confidence is low and start risk is high; visual or goal state needs review.,manual_or_anchor,manual_or_anchor
smoke_0057,natural_failure,recover_strong,recover_strong,0.7050040479589387,State is close to historical failure neighborhoods with high action-outcome residual.,State is close to historical failure neighborhoods with high action-outcome residual.,automatic,automatic
smoke_0058,learned_recovery_failure,human_review,human_review,0.665481399663584,"Automatic recovery is not trusted under the current residual, risk, and failure-neighbor pattern (0.84, 0.69, 0.66).","Automatic recovery is not trusted under the current residual, risk, and failure-neighbor pattern (0.84, 0.69, 0.66).",manual_or_anchor,manual_or_anchor
smoke_0059,learned_recovery_success,recover_light,recover_light,0.8608323739503316,State is near the success manifold but progress has mildly stalled.,State is near the success manifold but progress has mildly stalled.,automatic,automatic
smoke_0060,learned_recovery_success,recover_light,recover_light,0.8844079343216913,State is near the success manifold but progress has mildly stalled.,State is near the success manifold but progress has mildly stalled.,automatic,automatic
smoke_0061,learned_recovery_failure,human_review,human_review,0.6748060769541336,"Automatic recovery is not trusted under the current residual, risk, and failure-neighbor pattern (0.92, 0.61, 0.84).","Automatic recovery is not trusted under the current residual, risk, and failure-neighbor pattern (0.92, 0.61, 0.84).",manual_or_anchor,manual_or_anchor
smoke_0062,learned_recovery_success,recover_light,recover_light,0.9565789516356475,State is near the success manifold but progress has mildly stalled.,State is near the success manifold but progress has mildly stalled.,automatic,automatic
smoke_0063,clean_success,continue,continue,0.9658192141550997,State remains close to the success manifold with strong progress and low residual.,State remains close to the success manifold with strong progress and low residual.,automatic,automatic
smoke_0064,natural_failure,recover_strong,recover_strong,0.7581901944738734,State is close to historical failure neighborhoods with high action-outcome residual.,State is close to historical failure neighborhoods with high action-outcome residual.,automatic,automatic
smoke_0065,clean_success,continue,continue,0.9311633921485819,State remains close to the success manifold with strong progress and low residual.,State remains close to the success manifold with strong progress and low residual.,automatic,automatic
smoke_0066,learned_recovery_success,recover_light,recover_light,0.8777612349820885,State is near the success manifold but progress has mildly stalled.,State is near the success manifold but progress has mildly stalled.,automatic,automatic
smoke_0067,learned_recovery_success,recover_light,recover_light,0.9765058894242865,State is near the success manifold but progress has mildly stalled.,State is near the success manifold but progress has mildly stalled.,automatic,automatic
smoke_0068,human_review_needed,human_review,human_review,0.9699535940859754,Retrieval confidence is low and start risk is high; visual or goal state needs review.,Retrieval confidence is low and start risk is high; visual or goal state needs review.,manual_or_anchor,manual_or_anchor
smoke_0069,learned_recovery_success,recover_light,recover_light,0.9972399618340179,State is near the success manifold but progress has mildly stalled.,State is near the success manifold but progress has mildly stalled.,automatic,automatic
smoke_0070,anchored_recovery_success,demo_anchor,demo_anchor,0.7951146902684972,Retrieval evidence is uncertain enough to prefer a demonstration-anchored recovery.,Retrieval evidence is uncertain enough to prefer a demonstration-anchored recovery.,manual_or_anchor,manual_or_anchor
smoke_0071,clean_success,continue,continue,0.9930700918663494,State remains close to the success manifold with strong progress and low residual.,State remains close to the success manifold with strong progress and low residual.,automatic,automatic
smoke_0072,clean_success,continue,continue,1.0,State remains close to the success manifold with strong progress and low residual.,State remains close to the success manifold with strong progress and low residual.,automatic,automatic
smoke_0073,learned_recovery_failure,demo_anchor,human_review,0.5698301234653049,"Automatic recovery is not trusted under the current residual, risk, and failure-neighbor pattern (0.76, 0.68, 0.78).",Retrieval evidence is uncertain enough to prefer a demonstration-anchored recovery.,manual_or_anchor,manual_or_anchor
smoke_0074,learned_recovery_success,recover_light,recover_light,0.6410228574041362,State is near the success manifold but progress has mildly stalled.,State is near the success manifold but progress has mildly stalled.,automatic,automatic
smoke_0075,human_review_needed,human_review,human_review,0.8889088248248478,Retrieval confidence is low and start risk is high; visual or goal state needs review.,Retrieval confidence is low and start risk is high; visual or goal state needs review.,manual_or_anchor,manual_or_anchor
smoke_0076,learned_recovery_failure,human_review,human_review,0.5815759345573331,"Automatic recovery is not trusted under the current residual, risk, and failure-neighbor pattern (0.85, 0.56, 0.74).","Automatic recovery is not trusted under the current residual, risk, and failure-neighbor pattern (0.85, 0.56, 0.74).",manual_or_anchor,manual_or_anchor
smoke_0077,learned_recovery_failure,human_review,human_review,0.6493438737475844,Retrieval confidence is low and start risk is high; visual or goal state needs review.,Retrieval confidence is low and start risk is high; visual or goal state needs review.,manual_or_anchor,manual_or_anchor
smoke_0078,natural_failure,recover_strong,recover_strong,0.7378871118920469,State is close to historical failure neighborhoods with high action-outcome residual.,State is close to historical failure neighborhoods with high action-outcome residual.,automatic,automatic
smoke_0079,anchored_recovery_success,demo_anchor,demo_anchor,0.9566771358836943,Retrieval evidence is uncertain enough to prefer a demonstration-anchored recovery.,Retrieval evidence is uncertain enough to prefer a demonstration-anchored recovery.,manual_or_anchor,manual_or_anchor
smoke_0080,natural_failure,recover_strong,recover_strong,0.7089157157943428,State is close to historical failure neighborhoods with high action-outcome residual.,State is close to historical failure neighborhoods with high action-outcome residual.,automatic,automatic
smoke_0081,clean_success,continue,continue,0.9974850299401197,State remains close to the success manifold with strong progress and low residual.,State remains close to the success manifold with strong progress and low residual.,automatic,automatic
smoke_0082,learned_recovery_failure,human_review,human_review,0.7507606792284236,Retrieval confidence is low and start risk is high; visual or goal state needs review.,Retrieval confidence is low and start risk is high; visual or goal state needs review.,manual_or_anchor,manual_or_anchor
smoke_0083,natural_failure,recover_strong,recover_strong,0.660364039202345,State is close to historical failure neighborhoods with high action-outcome residual.,State is close to historical failure neighborhoods with high action-outcome residual.,automatic,automatic
smoke_0084,human_review_needed,human_review,human_review,0.850051471367614,Retrieval confidence is low and start risk is high; visual or goal state needs review.,Retrieval confidence is low and start risk is high; visual or goal state needs review.,manual_or_anchor,manual_or_anchor
smoke_0085,human_review_needed,human_review,human_review,0.7728961489552278,Retrieval confidence is low and start risk is high; visual or goal state needs review.,Retrieval confidence is low and start risk is high; visual or goal state needs review.,manual_or_anchor,manual_or_anchor
smoke_0086,anchored_recovery_success,demo_anchor,demo_anchor,0.8599978045076748,Retrieval evidence is uncertain enough to prefer a demonstration-anchored recovery.,Retrieval evidence is uncertain enough to prefer a demonstration-anchored recovery.,manual_or_anchor,manual_or_anchor
smoke_0087,clean_success,continue,continue,0.9408423561731384,State remains close to the success manifold with strong progress and low residual.,State remains close to the success manifold with strong progress and low residual.,automatic,automatic
smoke_0088,learned_recovery_failure,human_review,human_review,0.9638284255690367,Retrieval confidence is low and start risk is high; visual or goal state needs review.,Retrieval confidence is low and start risk is high; visual or goal state needs review.,manual_or_anchor,manual_or_anchor
smoke_0089,clean_success,continue,continue,1.0,State remains close to the success manifold with strong progress and low residual.,State remains close to the success manifold with strong progress and low residual.,automatic,automatic
smoke_0090,anchored_recovery_success,demo_anchor,demo_anchor,0.7569248722982277,Retrieval evidence is uncertain enough to prefer a demonstration-anchored recovery.,Retrieval evidence is uncertain enough to prefer a demonstration-anchored recovery.,manual_or_anchor,manual_or_anchor
smoke_0091,human_review_needed,human_review,human_review,0.9395320633373417,Retrieval confidence is low and start risk is high; visual or goal state needs review.,Retrieval confidence is low and start risk is high; visual or goal state needs review.,manual_or_anchor,manual_or_anchor
smoke_0092,human_review_needed,human_review,human_review,0.9811356246226433,Retrieval confidence is low and start risk is high; visual or goal state needs review.,Retrieval confidence is low and start risk is high; visual or goal state needs review.,manual_or_anchor,manual_or_anchor
smoke_0093,natural_failure,recover_strong,recover_strong,0.7997807303061462,State is close to historical failure neighborhoods with high action-outcome residual.,State is close to historical failure neighborhoods with high action-outcome residual.,automatic,automatic
smoke_0094,learned_recovery_failure,human_review,human_review,0.7122758927237282,"Automatic recovery is not trusted under the current residual, risk, and failure-neighbor pattern (0.75, 0.64, 0.73).","Automatic recovery is not trusted under the current residual, risk, and failure-neighbor pattern (0.75, 0.64, 0.73).",manual_or_anchor,manual_or_anchor
smoke_0095,natural_failure,recover_strong,recover_strong,0.6779359862572173,State is close to historical failure neighborhoods with high action-outcome residual.,State is close to historical failure neighborhoods with high action-outcome residual.,automatic,automatic
smoke_0096,learned_recovery_failure,demo_anchor,recover_strong,0.5882550541976254,State is close to historical failure neighborhoods with high action-outcome residual.,Retrieval evidence is uncertain enough to prefer a demonstration-anchored recovery.,manual_or_anchor,automatic
smoke_0097,natural_failure,recover_strong,recover_strong,0.7223947197158441,State is close to historical failure neighborhoods with high action-outcome residual.,State is close to historical failure neighborhoods with high action-outcome residual.,automatic,automatic
smoke_0098,learned_recovery_success,recover_light,recover_light,0.9546508674057026,State is near the success manifold but progress has mildly stalled.,State is near the success manifold but progress has mildly stalled.,automatic,automatic
smoke_0099,clean_success,continue,continue,0.9085597912235327,State remains close to the success manifold with strong progress and low residual.,State remains close to the success manifold with strong progress and low residual.,automatic,automatic
smoke_0100,learned_recovery_failure,human_review,human_review,0.5496262998476027,"Automatic recovery is not trusted under the current residual, risk, and failure-neighbor pattern (0.76, 0.67, 0.66).","Automatic recovery is not trusted under the current residual, risk, and failure-neighbor pattern (0.76, 0.67, 0.66).",manual_or_anchor,manual_or_anchor
smoke_0101,clean_success,continue,continue,0.9924342442659414,State remains close to the success manifold with strong progress and low residual.,State remains close to the success manifold with strong progress and low residual.,automatic,automatic
smoke_0102,anchored_recovery_success,demo_anchor,demo_anchor,0.8722055114917674,Retrieval evidence is uncertain enough to prefer a demonstration-anchored recovery.,Retrieval evidence is uncertain enough to prefer a demonstration-anchored recovery.,manual_or_anchor,manual_or_anchor
smoke_0103,clean_success,continue,continue,0.9845852604060175,State remains close to the success manifold with strong progress and low residual.,State remains close to the success manifold with strong progress and low residual.,automatic,automatic
smoke_0104,clean_success,continue,continue,1.0,State remains close to the success manifold with strong progress and low residual.,State remains close to the success manifold with strong progress and low residual.,automatic,automatic
smoke_0105,human_review_needed,human_review,human_review,0.9745366925261935,Retrieval confidence is low and start risk is high; visual or goal state needs review.,Retrieval confidence is low and start risk is high; visual or goal state needs review.,manual_or_anchor,manual_or_anchor
smoke_0106,clean_success,continue,continue,0.9873319500035344,State remains close to the success manifold with strong progress and low residual.,State remains close to the success manifold with strong progress and low residual.,automatic,automatic
smoke_0107,clean_success,continue,continue,0.9398266948625706,State remains close to the success manifold with strong progress and low residual.,State remains close to the success manifold with strong progress and low residual.,automatic,automatic
smoke_0108,natural_failure,recover_strong,recover_strong,0.7318198834269926,State is close to historical failure neighborhoods with high action-outcome residual.,State is close to historical failure neighborhoods with high action-outcome residual.,automatic,automatic
smoke_0109,learned_recovery_failure,human_review,human_review,0.6522142547891315,"Automatic recovery is not trusted under the current residual, risk, and failure-neighbor pattern (0.99, 0.79, 0.64).","Automatic recovery is not trusted under the current residual, risk, and failure-neighbor pattern (0.99, 0.79, 0.64).",manual_or_anchor,manual_or_anchor
smoke_0110,natural_failure,recover_strong,recover_strong,0.7463656608931832,State is close to historical failure neighborhoods with high action-outcome residual.,State is close to historical failure neighborhoods with high action-outcome residual.,automatic,automatic
smoke_0111,learned_recovery_success,recover_light,recover_light,0.6566027395462957,State is near the success manifold but progress has mildly stalled.,State is near the success manifold but progress has mildly stalled.,automatic,automatic
smoke_0112,anchored_recovery_success,demo_anchor,demo_anchor,0.9051192063575976,Retrieval evidence is uncertain enough to prefer a demonstration-anchored recovery.,Retrieval evidence is uncertain enough to prefer a demonstration-anchored recovery.,manual_or_anchor,manual_or_anchor
smoke_0113,learned_recovery_success,recover_light,recover_light,0.8324841699965793,State is near the success manifold but progress has mildly stalled.,State is near the success manifold but progress has mildly stalled.,automatic,automatic
smoke_0114,human_review_needed,human_review,human_review,0.9897510203019506,Retrieval confidence is low and start risk is high; visual or goal state needs review.,Retrieval confidence is low and start risk is high; visual or goal state needs review.,manual_or_anchor,manual_or_anchor
smoke_0115,human_review_needed,human_review,human_review,0.8900566826411985,Retrieval confidence is low and start risk is high; visual or goal state needs review.,Retrieval confidence is low and start risk is high; visual or goal state needs review.,manual_or_anchor,manual_or_anchor
smoke_0116,learned_recovery_failure,human_review,human_review,0.5551466033427419,"Automatic recovery is not trusted under the current residual, risk, and failure-neighbor pattern (0.71, 0.66, 0.77).","Automatic recovery is not trusted under the current residual, risk, and failure-neighbor pattern (0.71, 0.66, 0.77).",manual_or_anchor,manual_or_anchor
smoke_0117,natural_failure,recover_strong,recover_strong,0.6123891006121386,State is close to historical failure neighborhoods with high action-outcome residual.,State is close to historical failure neighborhoods with high action-outcome residual.,automatic,automatic
smoke_0118,learned_recovery_failure,human_review,human_review,0.9561852213136541,Retrieval confidence is low and start risk is high; visual or goal state needs review.,Retrieval confidence is low and start risk is high; visual or goal state needs review.,manual_or_anchor,manual_or_anchor
smoke_0119,natural_failure,recover_strong,recover_strong,0.7954670068841191,State is close to historical failure neighborhoods with high action-outcome residual.,State is close to historical failure neighborhoods with high action-outcome residual.,automatic,automatic
smoke_0120,clean_success,continue,continue,0.9502930657863518,State remains close to the success manifold with strong progress and low residual.,State remains close to the success manifold with strong progress and low residual.,automatic,automatic
smoke_0121,clean_success,continue,continue,0.9410774632492436,State remains close to the success manifold with strong progress and low residual.,State remains close to the success manifold with strong progress and low residual.,automatic,automatic
smoke_0122,learned_recovery_failure,human_review,human_review,0.9897510203019506,Retrieval confidence is low and start risk is high; visual or goal state needs review.,Retrieval confidence is low and start risk is high; visual or goal state needs review.,manual_or_anchor,manual_or_anchor
smoke_0123,clean_success,continue,continue,0.8366249971751313,State remains close to the success manifold with strong progress and low residual.,State remains close to the success manifold with strong progress and low residual.,automatic,automatic
smoke_0124,human_review_needed,human_review,human_review,0.8612469615738462,Retrieval confidence is low and start risk is high; visual or goal state needs review.,Retrieval confidence is low and start risk is high; visual or goal state needs review.,manual_or_anchor,manual_or_anchor
smoke_0125,clean_success,continue,continue,0.8621290739447621,State remains close to the success manifold with strong progress and low residual.,State remains close to the success manifold with strong progress and low residual.,automatic,automatic
smoke_0126,anchored_recovery_success,demo_anchor,demo_anchor,0.9437761964218839,Retrieval evidence is uncertain enough to prefer a demonstration-anchored recovery.,Retrieval evidence is uncertain enough to prefer a demonstration-anchored recovery.,manual_or_anchor,manual_or_anchor
smoke_0127,learned_recovery_success,recover_light,recover_light,0.8171426066679927,State is near the success manifold but progress has mildly stalled.,State is near the success manifold but progress has mildly stalled.,automatic,automatic
smoke_0128,clean_success,continue,continue,1.0,State remains close to the success manifold with strong progress and low residual.,State remains close to the success manifold with strong progress and low residual.,automatic,automatic
smoke_0129,learned_recovery_success,recover_light,recover_light,0.9427401801467139,State is near the success manifold but progress has mildly stalled.,State is near the success manifold but progress has mildly stalled.,automatic,automatic
smoke_0130,learned_recovery_failure,human_review,human_review,0.5297011210296426,"Automatic recovery is not trusted under the current residual, risk, and failure-neighbor pattern (0.90, 0.62, 0.68).","Automatic recovery is not trusted under the current residual, risk, and failure-neighbor pattern (0.90, 0.62, 0.68).",manual_or_anchor,manual_or_anchor
smoke_0131,clean_success,continue,continue,0.9979807692307693,State remains close to the success manifold with strong progress and low residual.,State remains close to the success manifold with strong progress and low residual.,automatic,automatic
smoke_0132,natural_failure,recover_strong,recover_strong,0.5880959853555477,State is close to historical failure neighborhoods with high action-outcome residual.,State is close to historical failure neighborhoods with high action-outcome residual.,automatic,automatic
smoke_0133,human_review_needed,human_review,human_review,0.9627838299990746,Retrieval confidence is low and start risk is high; visual or goal state needs review.,Retrieval confidence is low and start risk is high; visual or goal state needs review.,manual_or_anchor,manual_or_anchor
smoke_0134,clean_success,continue,continue,1.0,State remains close to the success manifold with strong progress and low residual.,State remains close to the success manifold with strong progress and low residual.,automatic,automatic
smoke_0135,human_review_needed,human_review,human_review,0.9807280878566117,Retrieval confidence is low and start risk is high; visual or goal state needs review.,Retrieval confidence is low and start risk is high; visual or goal state needs review.,manual_or_anchor,manual_or_anchor
smoke_0136,natural_failure,recover_strong,recover_strong,0.6222410219674736,State is close to historical failure neighborhoods with high action-outcome residual.,State is close to historical failure neighborhoods with high action-outcome residual.,automatic,automatic
smoke_0137,human_review_needed,human_review,human_review,0.8902830813621485,Retrieval confidence is low and start risk is high; visual or goal state needs review.,Retrieval confidence is low and start risk is high; visual or goal state needs review.,manual_or_anchor,manual_or_anchor
smoke_0138,clean_success,continue,continue,0.9848624007414102,State remains close to the success manifold with strong progress and low residual.,State remains close to the success manifold with strong progress and low residual.,automatic,automatic
smoke_0139,natural_failure,recover_strong,recover_strong,0.7366827486160121,State is close to historical failure neighborhoods with high action-outcome residual.,State is close to historical failure neighborhoods with high action-outcome residual.,automatic,automatic
smoke_0140,learned_recovery_success,recover_light,recover_light,0.9457054236417693,State is near the success manifold but progress has mildly stalled.,State is near the success manifold but progress has mildly stalled.,automatic,automatic
smoke_0141,learned_recovery_success,recover_light,recover_light,0.9660589352737206,State is near the success manifold but progress has mildly stalled.,State is near the success manifold but progress has mildly stalled.,automatic,automatic
smoke_0142,learned_recovery_success,recover_light,recover_light,0.9822509309214119,State is near the success manifold but progress has mildly stalled.,State is near the success manifold but progress has mildly stalled.,automatic,automatic
smoke_0143,learned_recovery_success,recover_light,recover_light,0.9846115098825019,State is near the success manifold but progress has mildly stalled.,State is near the success manifold but progress has mildly stalled.,automatic,automatic
smoke_0144,learned_recovery_success,recover_light,recover_light,0.9328542386132077,State is near the success manifold but progress has mildly stalled.,State is near the success manifold but progress has mildly stalled.,automatic,automatic
smoke_0145,learned_recovery_failure,human_review,human_review,0.8732447798984473,Retrieval confidence is low and start risk is high; visual or goal state needs review.,Retrieval confidence is low and start risk is high; visual or goal state needs review.,manual_or_anchor,manual_or_anchor
smoke_0146,natural_failure,recover_strong,recover_strong,0.5458618440357111,State is close to historical failure neighborhoods with high action-outcome residual.,State is close to historical failure neighborhoods with high action-outcome residual.,automatic,automatic
smoke_0147,natural_failure,recover_strong,recover_strong,0.7901833273973492,State is close to historical failure neighborhoods with high action-outcome residual.,State is close to historical failure neighborhoods with high action-outcome residual.,automatic,automatic
smoke_0148,learned_recovery_failure,human_review,human_review,0.8120737447298066,"Automatic recovery is not trusted under the current residual, risk, and failure-neighbor pattern (0.77, 0.68, 0.74).","Automatic recovery is not trusted under the current residual, risk, and failure-neighbor pattern (0.77, 0.68, 0.74).",manual_or_anchor,manual_or_anchor
smoke_0149,clean_success,continue,continue,0.9979807692307693,State remains close to the success manifold with strong progress and low residual.,State remains close to the success manifold with strong progress and low residual.,automatic,automatic
smoke_0150,learned_recovery_failure,human_review,human_review,0.7437901793025233,"Automatic recovery is not trusted under the current residual, risk, and failure-neighbor pattern (0.84, 0.66, 0.74).","Automatic recovery is not trusted under the current residual, risk, and failure-neighbor pattern (0.84, 0.66, 0.74).",manual_or_anchor,manual_or_anchor
smoke_0151,clean_success,continue,continue,0.9941516966067864,State remains close to the success manifold with strong progress and low residual.,State remains close to the success manifold with strong progress and low residual.,automatic,automatic
smoke_0152,learned_recovery_success,recover_light,recover_light,0.9948296771012304,State is near the success manifold but progress has mildly stalled.,State is near the success manifold but progress has mildly stalled.,automatic,automatic
smoke_0153,anchored_recovery_success,demo_anchor,demo_anchor,0.7017980544976148,Retrieval evidence is uncertain enough to prefer a demonstration-anchored recovery.,Retrieval evidence is uncertain enough to prefer a demonstration-anchored recovery.,manual_or_anchor,manual_or_anchor
smoke_0154,learned_recovery_success,recover_light,recover_light,0.9043126738812278,State is near the success manifold but progress has mildly stalled.,State is near the success manifold but progress has mildly stalled.,automatic,automatic
smoke_0155,clean_success,continue,continue,0.8553767980262531,State remains close to the success manifold with strong progress and low residual.,State remains close to the success manifold with strong progress and low residual.,automatic,automatic
smoke_0156,learned_recovery_success,recover_strong,recover_light,0.687237769472026,State is near the success manifold but progress has mildly stalled.,State is close to historical failure neighborhoods with high action-outcome residual.,automatic,automatic
smoke_0157,learned_recovery_failure,human_review,human_review,0.6741434222290431,Retrieval confidence is low and start risk is high; visual or goal state needs review.,Retrieval confidence is low and start risk is high; visual or goal state needs review.,manual_or_anchor,manual_or_anchor
smoke_0158,learned_recovery_success,recover_light,recover_light,0.9951467668308751,State is near the success manifold but progress has mildly stalled.,State is near the success manifold but progress has mildly stalled.,automatic,automatic
smoke_0159,human_review_needed,human_review,human_review,0.947228039074566,Retrieval confidence is low and start risk is high; visual or goal state needs review.,Retrieval confidence is low and start risk is high; visual or goal state needs review.,manual_or_anchor,manual_or_anchor
smoke_0160,learned_recovery_failure,human_review,human_review,0.6539560249369235,"Automatic recovery is not trusted under the current residual, risk, and failure-neighbor pattern (0.74, 0.75, 0.89).","Automatic recovery is not trusted under the current residual, risk, and failure-neighbor pattern (0.74, 0.75, 0.89).",manual_or_anchor,manual_or_anchor
smoke_0161,anchored_recovery_success,demo_anchor,demo_anchor,0.5062455007473757,Retrieval evidence is uncertain enough to prefer a demonstration-anchored recovery.,Retrieval evidence is uncertain enough to prefer a demonstration-anchored recovery.,manual_or_anchor,manual_or_anchor
smoke_0162,clean_success,continue,continue,0.9612536415200261,State remains close to the success manifold with strong progress and low residual.,State remains close to the success manifold with strong progress and low residual.,automatic,automatic
smoke_0163,natural_failure,recover_strong,recover_strong,0.7009007523994033,State is close to historical failure neighborhoods with high action-outcome residual.,State is close to historical failure neighborhoods with high action-outcome residual.,automatic,automatic
smoke_0164,natural_failure,recover_strong,recover_strong,0.715601898105746,State is close to historical failure neighborhoods with high action-outcome residual.,State is close to historical failure neighborhoods with high action-outcome residual.,automatic,automatic
smoke_0165,natural_failure,recover_strong,recover_strong,0.6800273887285092,State is close to historical failure neighborhoods with high action-outcome residual.,State is close to historical failure neighborhoods with high action-outcome residual.,automatic,automatic
smoke_0166,learned_recovery_success,recover_light,recover_light,0.8939412487773205,State is near the success manifold but progress has mildly stalled.,State is near the success manifold but progress has mildly stalled.,automatic,automatic
smoke_0167,natural_failure,recover_strong,recover_strong,0.77999554758549,State is close to historical failure neighborhoods with high action-outcome residual.,State is close to historical failure neighborhoods with high action-outcome residual.,automatic,automatic
smoke_0168,anchored_recovery_success,demo_anchor,demo_anchor,0.8939118641369845,Retrieval evidence is uncertain enough to prefer a demonstration-anchored recovery.,Retrieval evidence is uncertain enough to prefer a demonstration-anchored recovery.,manual_or_anchor,manual_or_anchor
smoke_0169,natural_failure,recover_strong,recover_strong,0.5929141932295644,State is close to historical failure neighborhoods with high action-outcome residual.,State is close to historical failure neighborhoods with high action-outcome residual.,automatic,automatic
smoke_0170,anchored_recovery_success,demo_anchor,demo_anchor,0.7347634679955714,Retrieval evidence is uncertain enough to prefer a demonstration-anchored recovery.,Retrieval evidence is uncertain enough to prefer a demonstration-anchored recovery.,manual_or_anchor,manual_or_anchor
smoke_0171,human_review_needed,human_review,human_review,0.7503089841115907,"Automatic recovery is not trusted under the current residual, risk, and failure-neighbor pattern (0.83, 0.59, 0.74).","Automatic recovery is not trusted under the current residual, risk, and failure-neighbor pattern (0.83, 0.59, 0.74).",manual_or_anchor,manual_or_anchor
smoke_0172,human_review_needed,human_review,human_review,0.9254379433146922,Retrieval confidence is low and start risk is high; visual or goal state needs review.,Retrieval confidence is low and start risk is high; visual or goal state needs review.,manual_or_anchor,manual_or_anchor
smoke_0173,learned_recovery_success,recover_light,recover_light,0.5220830600284416,State is near the success manifold but progress has mildly stalled.,State is near the success manifold but progress has mildly stalled.,automatic,automatic
smoke_0174,clean_success,continue,continue,0.9512723271441272,State remains close to the success manifold with strong progress and low residual.,State remains close to the success manifold with strong progress and low residual.,automatic,automatic
smoke_0175,natural_failure,recover_strong,recover_strong,0.7837701072317022,State is close to historical failure neighborhoods with high action-outcome residual.,State is close to historical failure neighborhoods with high action-outcome residual.,automatic,automatic
smoke_0176,human_review_needed,human_review,human_review,0.9897510203019506,Retrieval confidence is low and start risk is high; visual or goal state needs review.,Retrieval confidence is low and start risk is high; visual or goal state needs review.,manual_or_anchor,manual_or_anchor
smoke_0177,clean_success,continue,continue,0.9660266760960354,State remains close to the success manifold with strong progress and low residual.,State remains close to the success manifold with strong progress and low residual.,automatic,automatic
smoke_0178,natural_failure,recover_strong,recover_strong,0.7380943290914828,State is close to historical failure neighborhoods with high action-outcome residual.,State is close to historical failure neighborhoods with high action-outcome residual.,automatic,automatic
smoke_0179,learned_recovery_success,recover_light,recover_light,0.9139725219257174,State is near the success manifold but progress has mildly stalled.,State is near the success manifold but progress has mildly stalled.,automatic,automatic
smoke_0180,clean_success,continue,continue,0.9601246092619614,State remains close to the success manifold with strong progress and low residual.,State remains close to the success manifold with strong progress and low residual.,automatic,automatic
smoke_0181,clean_success,continue,continue,0.8573186162080711,State remains close to the success manifold with strong progress and low residual.,State remains close to the success manifold with strong progress and low residual.,automatic,automatic
smoke_0182,learned_recovery_failure,human_review,human_review,0.6601783185344064,"Automatic recovery is not trusted under the current residual, risk, and failure-neighbor pattern (0.86, 0.71, 0.89).","Automatic recovery is not trusted under the current residual, risk, and failure-neighbor pattern (0.86, 0.71, 0.89).",manual_or_anchor,manual_or_anchor
smoke_0183,clean_success,continue,continue,1.0,State remains close to the success manifold with strong progress and low residual.,State remains close to the success manifold with strong progress and low residual.,automatic,automatic
smoke_0184,learned_recovery_failure,human_review,human_review,0.6560098537362202,"Automatic recovery is not trusted under the current residual, risk, and failure-neighbor pattern (0.69, 0.68, 0.83).","Automatic recovery is not trusted under the current residual, risk, and failure-neighbor pattern (0.69, 0.68, 0.83).",manual_or_anchor,manual_or_anchor
smoke_0185,human_review_needed,human_review,human_review,0.8884402866693313,Retrieval confidence is low and start risk is high; visual or goal state needs review.,Retrieval confidence is low and start risk is high; visual or goal state needs review.,manual_or_anchor,manual_or_anchor
smoke_0186,anchored_recovery_success,demo_anchor,demo_anchor,0.829814495856492,Retrieval evidence is uncertain enough to prefer a demonstration-anchored recovery.,Retrieval evidence is uncertain enough to prefer a demonstration-anchored recovery.,manual_or_anchor,manual_or_anchor
smoke_0187,human_review_needed,human_review,human_review,0.9889100881844228,Retrieval confidence is low and start risk is high; visual or goal state needs review.,Retrieval confidence is low and start risk is high; visual or goal state needs review.,manual_or_anchor,manual_or_anchor
smoke_0188,anchored_recovery_success,demo_anchor,demo_anchor,0.5994036022753304,Retrieval evidence is uncertain enough to prefer a demonstration-anchored recovery.,Retrieval evidence is uncertain enough to prefer a demonstration-anchored recovery.,manual_or_anchor,manual_or_anchor
smoke_0189,anchored_recovery_success,demo_anchor,demo_anchor,0.7949256944846209,Retrieval evidence is uncertain enough to prefer a demonstration-anchored recovery.,Retrieval evidence is uncertain enough to prefer a demonstration-anchored recovery.,manual_or_anchor,manual_or_anchor
smoke_0190,learned_recovery_success,recover_light,recover_light,0.9440578090303571,State is near the success manifold but progress has mildly stalled.,State is near the success manifold but progress has mildly stalled.,automatic,automatic
smoke_0191,natural_failure,recover_strong,recover_strong,0.6897984621516619,State is close to historical failure neighborhoods with high action-outcome residual.,State is close to historical failure neighborhoods with high action-outcome residual.,automatic,automatic
smoke_0192,clean_success,continue,continue,0.9403375592219895,State remains close to the success manifold with strong progress and low residual.,State remains close to the success manifold with strong progress and low residual.,automatic,automatic
smoke_0193,clean_success,continue,continue,1.0,State remains close to the success manifold with strong progress and low residual.,State remains close to the success manifold with strong progress and low residual.,automatic,automatic
smoke_0194,anchored_recovery_success,demo_anchor,demo_anchor,0.6947689503561224,Retrieval evidence is uncertain enough to prefer a demonstration-anchored recovery.,Retrieval evidence is uncertain enough to prefer a demonstration-anchored recovery.,manual_or_anchor,manual_or_anchor
smoke_0195,human_review_needed,human_review,human_review,0.8874362640973565,Retrieval confidence is low and start risk is high; visual or goal state needs review.,Retrieval confidence is low and start risk is high; visual or goal state needs review.,manual_or_anchor,manual_or_anchor
smoke_0196,natural_failure,recover_strong,recover_strong,0.6501565210884814,State is close to historical failure neighborhoods with high action-outcome residual.,State is close to historical failure neighborhoods with high action-outcome residual.,automatic,automatic
smoke_0197,learned_recovery_failure,human_review,human_review,0.6429791085375518,"Automatic recovery is not trusted under the current residual, risk, and failure-neighbor pattern (0.86, 0.72, 0.84).","Automatic recovery is not trusted under the current residual, risk, and failure-neighbor pattern (0.86, 0.72, 0.84).",manual_or_anchor,manual_or_anchor
smoke_0198,natural_failure,recover_strong,recover_strong,0.4828893091340089,State is close to historical failure neighborhoods with high action-outcome residual.,State is close to historical failure neighborhoods with high action-outcome residual.,automatic,automatic
smoke_0199,human_review_needed,human_review,human_review,0.9701179221254925,Retrieval confidence is low and start risk is high; visual or goal state needs review.,Retrieval confidence is low and start risk is high; visual or goal state needs review.,manual_or_anchor,manual_or_anchor
smoke_0200,human_review_needed,human_review,human_review,0.9398098235579565,Retrieval confidence is low and start risk is high; visual or goal state needs review.,Retrieval confidence is low and start risk is high; visual or goal state needs review.,manual_or_anchor,manual_or_anchor
smoke_0201,learned_recovery_success,recover_light,recover_light,0.8135311490686881,State is near the success manifold but progress has mildly stalled.,State is near the success manifold but progress has mildly stalled.,automatic,automatic
smoke_0202,clean_success,continue,continue,0.9877497205413512,State remains close to the success manifold with strong progress and low residual.,State remains close to the success manifold with strong progress and low residual.,automatic,automatic
smoke_0203,natural_failure,recover_strong,recover_strong,0.5430454305341347,State is close to historical failure neighborhoods with high action-outcome residual.,State is close to historical failure neighborhoods with high action-outcome residual.,automatic,automatic
smoke_0204,learned_recovery_success,recover_light,recover_light,0.9244077853767463,State is near the success manifold but progress has mildly stalled.,State is near the success manifold but progress has mildly stalled.,automatic,automatic
smoke_0205,learned_recovery_failure,human_review,human_review,0.9198476711399114,Retrieval confidence is low and start risk is high; visual or goal state needs review.,Retrieval confidence is low and start risk is high; visual or goal state needs review.,manual_or_anchor,manual_or_anchor
smoke_0206,clean_success,continue,continue,0.7610967526418357,State remains close to the success manifold with strong progress and low residual.,State remains close to the success manifold with strong progress and low residual.,automatic,automatic
smoke_0207,human_review_needed,human_review,human_review,0.9897510203019506,Retrieval confidence is low and start risk is high; visual or goal state needs review.,Retrieval confidence is low and start risk is high; visual or goal state needs review.,manual_or_anchor,manual_or_anchor
smoke_0208,human_review_needed,human_review,human_review,0.9840413210843694,Retrieval confidence is low and start risk is high; visual or goal state needs review.,Retrieval confidence is low and start risk is high; visual or goal state needs review.,manual_or_anchor,manual_or_anchor
smoke_0209,natural_failure,recover_strong,recover_strong,0.7734796240259261,State is close to historical failure neighborhoods with high action-outcome residual.,State is close to historical failure neighborhoods with high action-outcome residual.,automatic,automatic
smoke_0210,learned_recovery_failure,demo_anchor,recover_strong,0.658094149824202,State is close to historical failure neighborhoods with high action-outcome residual.,Retrieval evidence is uncertain enough to prefer a demonstration-anchored recovery.,manual_or_anchor,automatic
smoke_0211,clean_success,continue,continue,0.9839716902470366,State remains close to the success manifold with strong progress and low residual.,State remains close to the success manifold with strong progress and low residual.,automatic,automatic
smoke_0212,anchored_recovery_success,demo_anchor,demo_anchor,0.8750768438995973,Retrieval evidence is uncertain enough to prefer a demonstration-anchored recovery.,Retrieval evidence is uncertain enough to prefer a demonstration-anchored recovery.,manual_or_anchor,manual_or_anchor
smoke_0213,human_review_needed,human_review,human_review,0.9863081057139493,Retrieval confidence is low and start risk is high; visual or goal state needs review.,Retrieval confidence is low and start risk is high; visual or goal state needs review.,manual_or_anchor,manual_or_anchor
smoke_0214,anchored_recovery_success,demo_anchor,demo_anchor,0.9802765331343337,Retrieval evidence is uncertain enough to prefer a demonstration-anchored recovery.,Retrieval evidence is uncertain enough to prefer a demonstration-anchored recovery.,manual_or_anchor,manual_or_anchor
smoke_0215,human_review_needed,human_review,human_review,0.9731229040401818,Retrieval confidence is low and start risk is high; visual or goal state needs review.,Retrieval confidence is low and start risk is high; visual or goal state needs review.,manual_or_anchor,manual_or_anchor
smoke_0216,human_review_needed,human_review,human_review,0.9838203210788947,Retrieval confidence is low and start risk is high; visual or goal state needs review.,Retrieval confidence is low and start risk is high; visual or goal state needs review.,manual_or_anchor,manual_or_anchor
smoke_0217,human_review_needed,human_review,human_review,0.961082103132551,Retrieval confidence is low and start risk is high; visual or goal state needs review.,Retrieval confidence is low and start risk is high; visual or goal state needs review.,manual_or_anchor,manual_or_anchor
smoke_0218,natural_failure,recover_strong,recover_strong,0.654396328446259,State is close to historical failure neighborhoods with high action-outcome residual.,State is close to historical failure neighborhoods with high action-outcome residual.,automatic,automatic
smoke_0219,learned_recovery_success,recover_light,recover_light,0.9918639510174788,State is near the success manifold but progress has mildly stalled.,State is near the success manifold but progress has mildly stalled.,automatic,automatic
smoke_0220,learned_recovery_failure,human_review,recover_strong,0.5075191425193866,State is close to historical failure neighborhoods with high action-outcome residual.,"Automatic recovery is not trusted under the current residual, risk, and failure-neighbor pattern (0.69, 0.65, 0.76).",manual_or_anchor,automatic
smoke_0221,learned_recovery_failure,human_review,human_review,0.8944524874317754,Retrieval confidence is low and start risk is high; visual or goal state needs review.,Retrieval confidence is low and start risk is high; visual or goal state needs review.,manual_or_anchor,manual_or_anchor
smoke_0222,natural_failure,human_review,recover_strong,0.4478590385774798,State is close to historical failure neighborhoods with high action-outcome residual.,"Automatic recovery is not trusted under the current residual, risk, and failure-neighbor pattern (0.79, 0.53, 0.68).",manual_or_anchor,automatic
smoke_0223,clean_success,continue,continue,1.0,State remains close to the success manifold with strong progress and low residual.,State remains close to the success manifold with strong progress and low residual.,automatic,automatic
smoke_0224,natural_failure,recover_strong,recover_strong,0.5917007102375195,State is close to historical failure neighborhoods with high action-outcome residual.,State is close to historical failure neighborhoods with high action-outcome residual.,automatic,automatic
smoke_0225,learned_recovery_failure,human_review,human_review,0.8382248139944415,"Automatic recovery is not trusted under the current residual, risk, and failure-neighbor pattern (0.81, 0.67, 0.82).","Automatic recovery is not trusted under the current residual, risk, and failure-neighbor pattern (0.81, 0.67, 0.82).",manual_or_anchor,manual_or_anchor
smoke_0226,learned_recovery_success,recover_light,recover_light,0.8990286096764563,State is near the success manifold but progress has mildly stalled.,State is near the success manifold but progress has mildly stalled.,automatic,automatic
smoke_0227,clean_success,continue,continue,0.9991515151515151,State remains close to the success manifold with strong progress and low residual.,State remains close to the success manifold with strong progress and low residual.,automatic,automatic
smoke_0228,learned_recovery_failure,human_review,human_review,0.8636696329540255,Retrieval confidence is low and start risk is high; visual or goal state needs review.,Retrieval confidence is low and start risk is high; visual or goal state needs review.,manual_or_anchor,manual_or_anchor
smoke_0229,learned_recovery_success,recover_light,recover_light,0.5454803791057915,State is near the success manifold but progress has mildly stalled.,State is near the success manifold but progress has mildly stalled.,automatic,automatic
smoke_0230,anchored_recovery_success,demo_anchor,demo_anchor,0.7127887814372769,Retrieval evidence is uncertain enough to prefer a demonstration-anchored recovery.,Retrieval evidence is uncertain enough to prefer a demonstration-anchored recovery.,manual_or_anchor,manual_or_anchor
smoke_0231,learned_recovery_failure,human_review,human_review,0.4774536323100547,Retrieval confidence is low and start risk is high; visual or goal state needs review.,Retrieval confidence is low and start risk is high; visual or goal state needs review.,manual_or_anchor,manual_or_anchor
smoke_0232,anchored_recovery_success,demo_anchor,demo_anchor,0.7497213371224092,Retrieval evidence is uncertain enough to prefer a demonstration-anchored recovery.,Retrieval evidence is uncertain enough to prefer a demonstration-anchored recovery.,manual_or_anchor,manual_or_anchor
smoke_0233,anchored_recovery_success,demo_anchor,demo_anchor,0.9710184664016608,Retrieval evidence is uncertain enough to prefer a demonstration-anchored recovery.,Retrieval evidence is uncertain enough to prefer a demonstration-anchored recovery.,manual_or_anchor,manual_or_anchor
smoke_0234,learned_recovery_failure,human_review,human_review,0.5453664663079402,"Automatic recovery is not trusted under the current residual, risk, and failure-neighbor pattern (0.89, 0.61, 0.68).","Automatic recovery is not trusted under the current residual, risk, and failure-neighbor pattern (0.89, 0.61, 0.68).",manual_or_anchor,manual_or_anchor
smoke_0235,natural_failure,recover_strong,recover_strong,0.6412280554806216,State is close to historical failure neighborhoods with high action-outcome residual.,State is close to historical failure neighborhoods with high action-outcome residual.,automatic,automatic
smoke_0236,anchored_recovery_success,demo_anchor,demo_anchor,0.7338558045462048,Retrieval evidence is uncertain enough to prefer a demonstration-anchored recovery.,Retrieval evidence is uncertain enough to prefer a demonstration-anchored recovery.,manual_or_anchor,manual_or_anchor
smoke_0237,anchored_recovery_success,demo_anchor,demo_anchor,0.8711609353050032,Retrieval evidence is uncertain enough to prefer a demonstration-anchored recovery.,Retrieval evidence is uncertain enough to prefer a demonstration-anchored recovery.,manual_or_anchor,manual_or_anchor
smoke_0238,clean_success,continue,continue,0.9988709677419354,State remains close to the success manifold with strong progress and low residual.,State remains close to the success manifold with strong progress and low residual.,automatic,automatic
smoke_0239,natural_failure,recover_strong,recover_strong,0.7821488759761266,State is close to historical failure neighborhoods with high action-outcome residual.,State is close to historical failure neighborhoods with high action-outcome residual.,automatic,automatic
smoke_0240,human_review_needed,human_review,human_review,0.988074252625183,Retrieval confidence is low and start risk is high; visual or goal state needs review.,Retrieval confidence is low and start risk is high; visual or goal state needs review.,manual_or_anchor,manual_or_anchor
smoke_0241,clean_success,continue,continue,0.9129573584611799,State remains close to the success manifold with strong progress and low residual.,State remains close to the success manifold with strong progress and low residual.,automatic,automatic
smoke_0242,learned_recovery_success,recover_light,recover_light,0.6666268298111441,State is near the success manifold but progress has mildly stalled.,State is near the success manifold but progress has mildly stalled.,automatic,automatic
smoke_0243,human_review_needed,human_review,human_review,0.8826734582543202,Retrieval confidence is low and start risk is high; visual or goal state needs review.,Retrieval confidence is low and start risk is high; visual or goal state needs review.,manual_or_anchor,manual_or_anchor
smoke_0244,learned_recovery_failure,human_review,recover_strong,0.501207024549003,State is close to historical failure neighborhoods with high action-outcome residual.,"Automatic recovery is not trusted under the current residual, risk, and failure-neighbor pattern (0.83, 0.62, 0.65).",manual_or_anchor,automatic
smoke_0245,natural_failure,recover_strong,recover_strong,0.7508065292767645,State is close to historical failure neighborhoods with high action-outcome residual.,State is close to historical failure neighborhoods with high action-outcome residual.,automatic,automatic
smoke_0246,natural_failure,recover_strong,recover_strong,0.6713003152134034,State is close to historical failure neighborhoods with high action-outcome residual.,State is close to historical failure neighborhoods with high action-outcome residual.,automatic,automatic
smoke_0247,learned_recovery_failure,human_review,human_review,0.8427881712356359,"Automatic recovery is not trusted under the current residual, risk, and failure-neighbor pattern (0.76, 0.70, 0.93).","Automatic recovery is not trusted under the current residual, risk, and failure-neighbor pattern (0.76, 0.70, 0.93).",manual_or_anchor,manual_or_anchor
smoke_0248,clean_success,continue,continue,1.0,State remains close to the success manifold with strong progress and low residual.,State remains close to the success manifold with strong progress and low residual.,automatic,automatic
smoke_0249,learned_recovery_success,recover_light,recover_light,0.9549266859427578,State is near the success manifold but progress has mildly stalled.,State is near the success manifold but progress has mildly stalled.,automatic,automatic
smoke_0250,clean_success,continue,continue,0.9941516966067864,State remains close to the success manifold with strong progress and low residual.,State remains close to the success manifold with strong progress and low residual.,automatic,automatic
smoke_0251,clean_success,continue,continue,1.0,State remains close to the success manifold with strong progress and low residual.,State remains close to the success manifold with strong progress and low residual.,automatic,automatic
smoke_0252,learned_recovery_failure,human_review,human_review,0.7229425024616667,Retrieval confidence is low and start risk is high; visual or goal state needs review.,Retrieval confidence is low and start risk is high; visual or goal state needs review.,manual_or_anchor,manual_or_anchor
smoke_0253,learned_recovery_success,recover_light,recover_light,0.7276617155498974,State is near the success manifold but progress has mildly stalled.,State is near the success manifold but progress has mildly stalled.,automatic,automatic
smoke_0254,human_review_needed,human_review,human_review,0.8766296359291879,Retrieval confidence is low and start risk is high; visual or goal state needs review.,Retrieval confidence is low and start risk is high; visual or goal state needs review.,manual_or_anchor,manual_or_anchor
smoke_0255,learned_recovery_failure,human_review,human_review,0.7429728407714349,"Automatic recovery is not trusted under the current residual, risk, and failure-neighbor pattern (0.83, 0.69, 0.74).","Automatic recovery is not trusted under the current residual, risk, and failure-neighbor pattern (0.83, 0.69, 0.74).",manual_or_anchor,manual_or_anchor
smoke_0256,human_review_needed,human_review,human_review,0.9857576088952563,Retrieval confidence is low and start risk is high; visual or goal state needs review.,Retrieval confidence is low and start risk is high; visual or goal state needs review.,manual_or_anchor,manual_or_anchor
smoke_0257,anchored_recovery_success,demo_anchor,demo_anchor,0.6496958173908803,Retrieval evidence is uncertain enough to prefer a demonstration-anchored recovery.,Retrieval evidence is uncertain enough to prefer a demonstration-anchored recovery.,manual_or_anchor,manual_or_anchor
smoke_0258,natural_failure,recover_strong,recover_strong,0.8121854679171441,State is close to historical failure neighborhoods with high action-outcome residual.,State is close to historical failure neighborhoods with high action-outcome residual.,automatic,automatic
smoke_0259,learned_recovery_success,recover_light,recover_light,0.5701907750652857,State is near the success manifold but progress has mildly stalled.,State is near the success manifold but progress has mildly stalled.,automatic,automatic
smoke_0260,learned_recovery_success,recover_light,recover_light,0.8762988186866555,State is near the success manifold but progress has mildly stalled.,State is near the success manifold but progress has mildly stalled.,automatic,automatic
smoke_0261,clean_success,continue,continue,0.9674585073537237,State remains close to the success manifold with strong progress and low residual.,State remains close to the success manifold with strong progress and low residual.,automatic,automatic
smoke_0262,learned_recovery_failure,demo_anchor,human_review,0.6704966159186339,"Automatic recovery is not trusted under the current residual, risk, and failure-neighbor pattern (0.81, 0.89, 0.75).",Retrieval evidence is uncertain enough to prefer a demonstration-anchored recovery.,manual_or_anchor,manual_or_anchor
smoke_0263,anchored_recovery_success,demo_anchor,demo_anchor,0.9038006259126433,Retrieval evidence is uncertain enough to prefer a demonstration-anchored recovery.,Retrieval evidence is uncertain enough to prefer a demonstration-anchored recovery.,manual_or_anchor,manual_or_anchor
smoke_0264,anchored_recovery_success,demo_anchor,demo_anchor,0.8663124735437149,Retrieval evidence is uncertain enough to prefer a demonstration-anchored recovery.,Retrieval evidence is uncertain enough to prefer a demonstration-anchored recovery.,manual_or_anchor,manual_or_anchor
smoke_0265,learned_recovery_success,recover_light,recover_light,0.7796906037235879,State is near the success manifold but progress has mildly stalled.,State is near the success manifold but progress has mildly stalled.,automatic,automatic
smoke_0266,human_review_needed,human_review,human_review,0.8804063296733263,Retrieval confidence is low and start risk is high; visual or goal state needs review.,Retrieval confidence is low and start risk is high; visual or goal state needs review.,manual_or_anchor,manual_or_anchor
smoke_0267,learned_recovery_success,recover_light,recover_light,0.9760947685741248,State is near the success manifold but progress has mildly stalled.,State is near the success manifold but progress has mildly stalled.,automatic,automatic
smoke_0268,human_review_needed,human_review,human_review,0.9179511510688413,Retrieval confidence is low and start risk is high; visual or goal state needs review.,Retrieval confidence is low and start risk is high; visual or goal state needs review.,manual_or_anchor,manual_or_anchor
smoke_0269,human_review_needed,human_review,human_review,0.9484961514502036,Retrieval confidence is low and start risk is high; visual or goal state needs review.,Retrieval confidence is low and start risk is high; visual or goal state needs review.,manual_or_anchor,manual_or_anchor
smoke_0270,learned_recovery_success,recover_light,recover_light,0.8989658151114451,State is near the success manifold but progress has mildly stalled.,State is near the success manifold but progress has mildly stalled.,automatic,automatic
smoke_0271,learned_recovery_failure,human_review,recover_strong,0.5049563108225037,State is close to historical failure neighborhoods with high action-outcome residual.,"Automatic recovery is not trusted under the current residual, risk, and failure-neighbor pattern (0.72, 0.68, 0.70).",manual_or_anchor,automatic
smoke_0272,natural_failure,recover_strong,recover_strong,0.6449861305281014,State is close to historical failure neighborhoods with high action-outcome residual.,State is close to historical failure neighborhoods with high action-outcome residual.,automatic,automatic
smoke_0273,anchored_recovery_success,demo_anchor,demo_anchor,0.8079911081272955,Retrieval evidence is uncertain enough to prefer a demonstration-anchored recovery.,Retrieval evidence is uncertain enough to prefer a demonstration-anchored recovery.,manual_or_anchor,manual_or_anchor
smoke_0274,natural_failure,recover_strong,recover_strong,0.6984245129265471,State is close to historical failure neighborhoods with high action-outcome residual.,State is close to historical failure neighborhoods with high action-outcome residual.,automatic,automatic
smoke_0275,learned_recovery_failure,human_review,human_review,0.9262233972624019,Retrieval confidence is low and start risk is high; visual or goal state needs review.,Retrieval confidence is low and start risk is high; visual or goal state needs review.,manual_or_anchor,manual_or_anchor
smoke_0276,learned_recovery_success,recover_light,recover_light,0.6366975244334327,State is near the success manifold but progress has mildly stalled.,State is near the success manifold but progress has mildly stalled.,automatic,automatic
smoke_0277,clean_success,continue,continue,0.9918186187653341,State remains close to the success manifold with strong progress and low residual.,State remains close to the success manifold with strong progress and low residual.,automatic,automatic
smoke_0278,clean_success,continue,continue,0.9906594649322377,State remains close to the success manifold with strong progress and low residual.,State remains close to the success manifold with strong progress and low residual.,automatic,automatic
smoke_0279,learned_recovery_failure,human_review,human_review,0.8827009192157341,Retrieval confidence is low and start risk is high; visual or goal state needs review.,Retrieval confidence is low and start risk is high; visual or goal state needs review.,manual_or_anchor,manual_or_anchor
smoke_0280,clean_success,continue,continue,1.0,State remains close to the success manifold with strong progress and low residual.,State remains close to the success manifold with strong progress and low residual.,automatic,automatic
smoke_0281,learned_recovery_success,recover_light,recover_light,0.9369874010168996,State is near the success manifold but progress has mildly stalled.,State is near the success manifold but progress has mildly stalled.,automatic,automatic
smoke_0282,human_review_needed,human_review,human_review,0.9643462265798661,Retrieval confidence is low and start risk is high; visual or goal state needs review.,Retrieval confidence is low and start risk is high; visual or goal state needs review.,manual_or_anchor,manual_or_anchor
smoke_0283,anchored_recovery_success,demo_anchor,demo_anchor,0.6925152552635923,Retrieval evidence is uncertain enough to prefer a demonstration-anchored recovery.,Retrieval evidence is uncertain enough to prefer a demonstration-anchored recovery.,manual_or_anchor,manual_or_anchor
smoke_0284,anchored_recovery_success,demo_anchor,demo_anchor,0.9312725137613405,Retrieval evidence is uncertain enough to prefer a demonstration-anchored recovery.,Retrieval evidence is uncertain enough to prefer a demonstration-anchored recovery.,manual_or_anchor,manual_or_anchor
smoke_0285,clean_success,continue,continue,1.0,State remains close to the success manifold with strong progress and low residual.,State remains close to the success manifold with strong progress and low residual.,automatic,automatic
smoke_0286,anchored_recovery_success,demo_anchor,demo_anchor,0.8373719420064194,Retrieval evidence is uncertain enough to prefer a demonstration-anchored recovery.,Retrieval evidence is uncertain enough to prefer a demonstration-anchored recovery.,manual_or_anchor,manual_or_anchor
smoke_0287,learned_recovery_success,recover_light,recover_light,0.9480808417742204,State is near the success manifold but progress has mildly stalled.,State is near the success manifold but progress has mildly stalled.,automatic,automatic
smoke_0288,learned_recovery_failure,human_review,human_review,0.7280017749781564,Retrieval confidence is low and start risk is high; visual or goal state needs review.,Retrieval confidence is low and start risk is high; visual or goal state needs review.,manual_or_anchor,manual_or_anchor
smoke_0289,anchored_recovery_success,demo_anchor,demo_anchor,0.46219838185439377,Retrieval evidence is uncertain enough to prefer a demonstration-anchored recovery.,Retrieval evidence is uncertain enough to prefer a demonstration-anchored recovery.,manual_or_anchor,manual_or_anchor
smoke_0290,human_review_needed,human_review,human_review,0.7018782397986632,Retrieval confidence is low and start risk is high; visual or goal state needs review.,Retrieval confidence is low and start risk is high; visual or goal state needs review.,manual_or_anchor,manual_or_anchor
smoke_0291,learned_recovery_success,recover_light,recover_light,0.8138990585474023,State is near the success manifold but progress has mildly stalled.,State is near the success manifold but progress has mildly stalled.,automatic,automatic
smoke_0292,anchored_recovery_success,demo_anchor,demo_anchor,0.8242092512473576,Retrieval evidence is uncertain enough to prefer a demonstration-anchored recovery.,Retrieval evidence is uncertain enough to prefer a demonstration-anchored recovery.,manual_or_anchor,manual_or_anchor
smoke_0293,learned_recovery_success,recover_light,recover_light,0.8984254834431759,State is near the success manifold but progress has mildly stalled.,State is near the success manifold but progress has mildly stalled.,automatic,automatic
smoke_0294,learned_recovery_failure,human_review,human_review,0.9438733981703556,Retrieval confidence is low and start risk is high; visual or goal state needs review.,Retrieval confidence is low and start risk is high; visual or goal state needs review.,manual_or_anchor,manual_or_anchor
smoke_0295,anchored_recovery_success,demo_anchor,demo_anchor,0.7664473279270626,Retrieval evidence is uncertain enough to prefer a demonstration-anchored recovery.,Retrieval evidence is uncertain enough to prefer a demonstration-anchored recovery.,manual_or_anchor,manual_or_anchor
smoke_0296,natural_failure,recover_strong,recover_strong,0.48318654311625847,State is close to historical failure neighborhoods with high action-outcome residual.,State is close to historical failure neighborhoods with high action-outcome residual.,automatic,automatic
smoke_0297,human_review_needed,human_review,human_review,0.8094127460330477,Retrieval confidence is low and start risk is high; visual or goal state needs review.,Retrieval confidence is low and start risk is high; visual or goal state needs review.,manual_or_anchor,manual_or_anchor
smoke_0298,anchored_recovery_success,demo_anchor,demo_anchor,0.7085533630272304,Retrieval evidence is uncertain enough to prefer a demonstration-anchored recovery.,Retrieval evidence is uncertain enough to prefer a demonstration-anchored recovery.,manual_or_anchor,manual_or_anchor
smoke_0299,natural_failure,recover_strong,recover_strong,0.7029457248281709,State is close to historical failure neighborhoods with high action-outcome residual.,State is close to historical failure neighborhoods with high action-outcome residual.,automatic,automatic
smoke_0300,learned_recovery_success,recover_light,recover_light,0.8883962725538047,State is near the success manifold but progress has mildly stalled.,State is near the success manifold but progress has mildly stalled.,automatic,automatic
smoke_0301,natural_failure,recover_strong,recover_strong,0.6682417892825794,State is close to historical failure neighborhoods with high action-outcome residual.,State is close to historical failure neighborhoods with high action-outcome residual.,automatic,automatic
smoke_0302,anchored_recovery_success,demo_anchor,demo_anchor,0.9369976979091409,Retrieval evidence is uncertain enough to prefer a demonstration-anchored recovery.,Retrieval evidence is uncertain enough to prefer a demonstration-anchored recovery.,manual_or_anchor,manual_or_anchor
smoke_0303,learned_recovery_failure,human_review,human_review,0.5827009402033367,"Automatic recovery is not trusted under the current residual, risk, and failure-neighbor pattern (0.97, 0.77, 0.76).","Automatic recovery is not trusted under the current residual, risk, and failure-neighbor pattern (0.97, 0.77, 0.76).",manual_or_anchor,manual_or_anchor
smoke_0304,learned_recovery_failure,human_review,recover_strong,0.46374554522669353,State is close to historical failure neighborhoods with high action-outcome residual.,Retrieval confidence is low and start risk is high; visual or goal state needs review.,manual_or_anchor,automatic
smoke_0305,human_review_needed,human_review,human_review,0.985368486580043,Retrieval confidence is low and start risk is high; visual or goal state needs review.,Retrieval confidence is low and start risk is high; visual or goal state needs review.,manual_or_anchor,manual_or_anchor
smoke_0306,learned_recovery_success,recover_light,recover_light,0.9336960050605395,State is near the success manifold but progress has mildly stalled.,State is near the success manifold but progress has mildly stalled.,automatic,automatic
smoke_0307,anchored_recovery_success,demo_anchor,demo_anchor,0.7129213362348873,Retrieval evidence is uncertain enough to prefer a demonstration-anchored recovery.,Retrieval evidence is uncertain enough to prefer a demonstration-anchored recovery.,manual_or_anchor,manual_or_anchor
smoke_0308,anchored_recovery_success,demo_anchor,demo_anchor,0.848444824527493,Retrieval evidence is uncertain enough to prefer a demonstration-anchored recovery.,Retrieval evidence is uncertain enough to prefer a demonstration-anchored recovery.,manual_or_anchor,manual_or_anchor
smoke_0309,learned_recovery_success,recover_light,recover_light,0.8486320517842235,State is near the success manifold but progress has mildly stalled.,State is near the success manifold but progress has mildly stalled.,automatic,automatic
smoke_0310,clean_success,continue,continue,1.0,State remains close to the success manifold with strong progress and low residual.,State remains close to the success manifold with strong progress and low residual.,automatic,automatic
smoke_0311,human_review_needed,human_review,human_review,0.9391920618657539,Retrieval confidence is low and start risk is high; visual or goal state needs review.,Retrieval confidence is low and start risk is high; visual or goal state needs review.,manual_or_anchor,manual_or_anchor
smoke_0312,learned_recovery_success,recover_light,recover_light,0.8594845477261894,State is near the success manifold but progress has mildly stalled.,State is near the success manifold but progress has mildly stalled.,automatic,automatic
smoke_0313,human_review_needed,human_review,human_review,0.9673409615557472,Retrieval confidence is low and start risk is high; visual or goal state needs review.,Retrieval confidence is low and start risk is high; visual or goal state needs review.,manual_or_anchor,manual_or_anchor
smoke_0314,anchored_recovery_success,demo_anchor,demo_anchor,0.7565918157329026,Retrieval evidence is uncertain enough to prefer a demonstration-anchored recovery.,Retrieval evidence is uncertain enough to prefer a demonstration-anchored recovery.,manual_or_anchor,manual_or_anchor
smoke_0315,anchored_recovery_success,demo_anchor,demo_anchor,0.8893620043665595,Retrieval evidence is uncertain enough to prefer a demonstration-anchored recovery.,Retrieval evidence is uncertain enough to prefer a demonstration-anchored recovery.,manual_or_anchor,manual_or_anchor
smoke_0316,anchored_recovery_success,demo_anchor,demo_anchor,0.9089835973969014,Retrieval evidence is uncertain enough to prefer a demonstration-anchored recovery.,Retrieval evidence is uncertain enough to prefer a demonstration-anchored recovery.,manual_or_anchor,manual_or_anchor
smoke_0317,anchored_recovery_success,demo_anchor,demo_anchor,0.6910623969056622,Retrieval evidence is uncertain enough to prefer a demonstration-anchored recovery.,Retrieval evidence is uncertain enough to prefer a demonstration-anchored recovery.,manual_or_anchor,manual_or_anchor
smoke_0318,learned_recovery_success,recover_light,recover_light,0.83945350074253,State is near the success manifold but progress has mildly stalled.,State is near the success manifold but progress has mildly stalled.,automatic,automatic
smoke_0319,learned_recovery_failure,human_review,human_review,0.8922201208061189,Retrieval confidence is low and start risk is high; visual or goal state needs review.,Retrieval confidence is low and start risk is high; visual or goal state needs review.,manual_or_anchor,manual_or_anchor
smoke_0320,natural_failure,human_review,recover_strong,0.7352746871027527,State is close to historical failure neighborhoods with high action-outcome residual.,"Automatic recovery is not trusted under the current residual, risk, and failure-neighbor pattern (0.69, 0.62, 0.61).",manual_or_anchor,automatic
smoke_0321,human_review_needed,human_review,human_review,0.9872542879994758,Retrieval confidence is low and start risk is high; visual or goal state needs review.,Retrieval confidence is low and start risk is high; visual or goal state needs review.,manual_or_anchor,manual_or_anchor
smoke_0322,anchored_recovery_success,demo_anchor,demo_anchor,0.8261220336270345,Retrieval evidence is uncertain enough to prefer a demonstration-anchored recovery.,Retrieval evidence is uncertain enough to prefer a demonstration-anchored recovery.,manual_or_anchor,manual_or_anchor
smoke_0323,clean_success,continue,continue,0.9881659718889868,State remains close to the success manifold with strong progress and low residual.,State remains close to the success manifold with strong progress and low residual.,automatic,automatic
smoke_0324,anchored_recovery_success,demo_anchor,demo_anchor,0.8758816107467493,Retrieval evidence is uncertain enough to prefer a demonstration-anchored recovery.,Retrieval evidence is uncertain enough to prefer a demonstration-anchored recovery.,manual_or_anchor,manual_or_anchor
smoke_0325,learned_recovery_success,recover_light,recover_light,0.9567547679423001,State is near the success manifold but progress has mildly stalled.,State is near the success manifold but progress has mildly stalled.,automatic,automatic
smoke_0326,human_review_needed,human_review,human_review,0.9711869017648508,Retrieval confidence is low and start risk is high; visual or goal state needs review.,Retrieval confidence is low and start risk is high; visual or goal state needs review.,manual_or_anchor,manual_or_anchor
smoke_0327,learned_recovery_failure,human_review,human_review,0.8815190553587191,Retrieval confidence is low and start risk is high; visual or goal state needs review.,Retrieval confidence is low and start risk is high; visual or goal state needs review.,manual_or_anchor,manual_or_anchor
smoke_0328,clean_success,continue,continue,0.9714552552295039,State remains close to the success manifold with strong progress and low residual.,State remains close to the success manifold with strong progress and low residual.,automatic,automatic
smoke_0329,learned_recovery_success,recover_light,recover_light,0.7862957010479362,State is near the success manifold but progress has mildly stalled.,State is near the success manifold but progress has mildly stalled.,automatic,automatic
smoke_0330,natural_failure,recover_strong,recover_strong,0.6866559342894054,State is close to historical failure neighborhoods with high action-outcome residual.,State is close to historical failure neighborhoods with high action-outcome residual.,automatic,automatic
smoke_0331,human_review_needed,human_review,human_review,0.8237767731196186,"Automatic recovery is not trusted under the current residual, risk, and failure-neighbor pattern (0.88, 0.65, 0.80).","Automatic recovery is not trusted under the current residual, risk, and failure-neighbor pattern (0.88, 0.65, 0.80).",manual_or_anchor,manual_or_anchor
smoke_0332,learned_recovery_failure,human_review,human_review,0.6851032011000888,Retrieval confidence is low and start risk is high; visual or goal state needs review.,Retrieval confidence is low and start risk is high; visual or goal state needs review.,manual_or_anchor,manual_or_anchor
smoke_0333,human_review_needed,human_review,human_review,0.9367086850863194,Retrieval confidence is low and start risk is high; visual or goal state needs review.,Retrieval confidence is low and start risk is high; visual or goal state needs review.,manual_or_anchor,manual_or_anchor
smoke_0334,anchored_recovery_success,demo_anchor,demo_anchor,0.7121343007500812,Retrieval evidence is uncertain enough to prefer a demonstration-anchored recovery.,Retrieval evidence is uncertain enough to prefer a demonstration-anchored recovery.,manual_or_anchor,manual_or_anchor
smoke_0335,natural_failure,recover_strong,recover_strong,0.490736327628455,State is close to historical failure neighborhoods with high action-outcome residual.,State is close to historical failure neighborhoods with high action-outcome residual.,automatic,automatic
smoke_0336,anchored_recovery_success,demo_anchor,demo_anchor,0.6667567387347549,Retrieval evidence is uncertain enough to prefer a demonstration-anchored recovery.,Retrieval evidence is uncertain enough to prefer a demonstration-anchored recovery.,manual_or_anchor,manual_or_anchor
smoke_0337,learned_recovery_failure,human_review,human_review,0.6455518128476412,"Automatic recovery is not trusted under the current residual, risk, and failure-neighbor pattern (0.79, 0.73, 0.83).","Automatic recovery is not trusted under the current residual, risk, and failure-neighbor pattern (0.79, 0.73, 0.83).",manual_or_anchor,manual_or_anchor
smoke_0338,anchored_recovery_success,demo_anchor,demo_anchor,0.8967782043911302,Retrieval evidence is uncertain enough to prefer a demonstration-anchored recovery.,Retrieval evidence is uncertain enough to prefer a demonstration-anchored recovery.,manual_or_anchor,manual_or_anchor
smoke_0339,learned_recovery_success,recover_light,recover_light,0.8676517406194603,State is near the success manifold but progress has mildly stalled.,State is near the success manifold but progress has mildly stalled.,automatic,automatic
smoke_0340,learned_recovery_failure,human_review,human_review,0.942576437039257,Retrieval confidence is low and start risk is high; visual or goal state needs review.,Retrieval confidence is low and start risk is high; visual or goal state needs review.,manual_or_anchor,manual_or_anchor
smoke_0341,human_review_needed,human_review,human_review,0.9852070200915691,Retrieval confidence is low and start risk is high; visual or goal state needs review.,Retrieval confidence is low and start risk is high; visual or goal state needs review.,manual_or_anchor,manual_or_anchor
smoke_0342,anchored_recovery_success,demo_anchor,demo_anchor,0.7732342230299519,Retrieval evidence is uncertain enough to prefer a demonstration-anchored recovery.,Retrieval evidence is uncertain enough to prefer a demonstration-anchored recovery.,manual_or_anchor,manual_or_anchor
smoke_0343,human_review_needed,human_review,human_review,0.9857576088952563,Retrieval confidence is low and start risk is high; visual or goal state needs review.,Retrieval confidence is low and start risk is high; visual or goal state needs review.,manual_or_anchor,manual_or_anchor
smoke_0344,learned_recovery_failure,human_review,human_review,0.6658343410262966,"Automatic recovery is not trusted under the current residual, risk, and failure-neighbor pattern (0.82, 0.79, 0.65).","Automatic recovery is not trusted under the current residual, risk, and failure-neighbor pattern (0.82, 0.79, 0.65).",manual_or_anchor,manual_or_anchor
smoke_0345,learned_recovery_success,recover_light,recover_light,0.9434719117814793,State is near the success manifold but progress has mildly stalled.,State is near the success manifold but progress has mildly stalled.,automatic,automatic
smoke_0346,anchored_recovery_success,demo_anchor,demo_anchor,0.7615674606283261,Retrieval evidence is uncertain enough to prefer a demonstration-anchored recovery.,Retrieval evidence is uncertain enough to prefer a demonstration-anchored recovery.,manual_or_anchor,manual_or_anchor
smoke_0347,learned_recovery_success,recover_light,recover_light,0.9565209141487433,State is near the success manifold but progress has mildly stalled.,State is near the success manifold but progress has mildly stalled.,automatic,automatic
smoke_0348,human_review_needed,human_review,human_review,0.9849144960101489,Retrieval confidence is low and start risk is high; visual or goal state needs review.,Retrieval confidence is low and start risk is high; visual or goal state needs review.,manual_or_anchor,manual_or_anchor
smoke_0349,learned_recovery_success,recover_light,recover_light,0.803239940458699,State is near the success manifold but progress has mildly stalled.,State is near the success manifold but progress has mildly stalled.,automatic,automatic
smoke_0350,anchored_recovery_success,demo_anchor,demo_anchor,0.8590269733913148,Retrieval evidence is uncertain enough to prefer a demonstration-anchored recovery.,Retrieval evidence is uncertain enough to prefer a demonstration-anchored recovery.,manual_or_anchor,manual_or_anchor
smoke_0351,human_review_needed,human_review,human_review,0.9889100881844228,Retrieval confidence is low and start risk is high; visual or goal state needs review.,Retrieval confidence is low and start risk is high; visual or goal state needs review.,manual_or_anchor,manual_or_anchor
smoke_0352,learned_recovery_success,recover_light,recover_light,0.7979133810955327,State is near the success manifold but progress has mildly stalled.,State is near the success manifold but progress has mildly stalled.,automatic,automatic
smoke_0353,clean_success,continue,continue,0.9878838463287916,State remains close to the success manifold with strong progress and low residual.,State remains close to the success manifold with strong progress and low residual.,automatic,automatic
smoke_0354,learned_recovery_failure,human_review,human_review,0.9774754240910223,Retrieval confidence is low and start risk is high; visual or goal state needs review.,Retrieval confidence is low and start risk is high; visual or goal state needs review.,manual_or_anchor,manual_or_anchor
smoke_0355,natural_failure,recover_strong,recover_strong,0.7870437273142743,State is close to historical failure neighborhoods with high action-outcome residual.,State is close to historical failure neighborhoods with high action-outcome residual.,automatic,automatic
smoke_0356,natural_failure,recover_strong,recover_strong,0.7599993182402544,State is close to historical failure neighborhoods with high action-outcome residual.,State is close to historical failure neighborhoods with high action-outcome residual.,automatic,automatic
smoke_0357,natural_failure,recover_strong,recover_strong,0.6921514455105717,State is close to historical failure neighborhoods with high action-outcome residual.,State is close to historical failure neighborhoods with high action-outcome residual.,automatic,automatic
smoke_0358,clean_success,continue,continue,0.8182167713499654,State remains close to the success manifold with strong progress and low residual.,State remains close to the success manifold with strong progress and low residual.,automatic,automatic
smoke_0359,human_review_needed,human_review,human_review,0.9897510203019506,Retrieval confidence is low and start risk is high; visual or goal state needs review.,Retrieval confidence is low and start risk is high; visual or goal state needs review.,manual_or_anchor,manual_or_anchor
